-- Adminer 4.7.2 MySQL dump

SET NAMES utf8;
SET time_zone = '+00:00';
SET foreign_key_checks = 0;
SET sql_mode = 'NO_AUTO_VALUE_ON_ZERO';

SET NAMES utf8mb4;

DROP TABLE IF EXISTS `countries`;
CREATE TABLE `countries` (
  `cnt_id` int(11) unsigned NOT NULL AUTO_INCREMENT,
  `cnt_code` char(2) NOT NULL,
  `cnt_title` varchar(255) NOT NULL,
  `cnt_created` timestamp NOT NULL DEFAULT CURRENT_TIMESTAMP ON UPDATE CURRENT_TIMESTAMP,
  PRIMARY KEY (`cnt_id`)
) ENGINE=InnoDB DEFAULT CHARSET=utf8mb4;

INSERT INTO `countries` (`cnt_id`, `cnt_code`, `cnt_title`, `cnt_created`) VALUES
(1,	'AF',	'Afghanistan',	'2019-08-04 17:42:19'),
(2,	'AL',	'Albania',	'2019-08-04 17:42:19'),
(3,	'DZ',	'Algeria',	'2019-08-04 17:42:19'),
(4,	'DS',	'American Samoa',	'2019-08-04 17:42:19'),
(5,	'AD',	'Andorra',	'2019-08-04 17:42:19'),
(6,	'AO',	'Angola',	'2019-08-04 17:42:19'),
(7,	'AI',	'Anguilla',	'2019-08-04 17:42:19'),
(8,	'AQ',	'Antarctica',	'2019-08-04 17:42:19'),
(9,	'AG',	'Antigua and Barbuda',	'2019-08-04 17:42:19'),
(10,	'AR',	'Argentina',	'2019-08-04 17:42:19'),
(11,	'AM',	'Armenia',	'2019-08-04 17:42:19'),
(12,	'AW',	'Aruba',	'2019-08-04 17:42:19'),
(13,	'AU',	'Australia',	'2019-08-04 17:42:19'),
(14,	'AT',	'Austria',	'2019-08-04 17:42:19'),
(15,	'AZ',	'Azerbaijan',	'2019-08-04 17:42:19'),
(16,	'BS',	'Bahamas',	'2019-08-04 17:42:19'),
(17,	'BH',	'Bahrain',	'2019-08-04 17:42:19'),
(18,	'BD',	'Bangladesh',	'2019-08-04 17:42:19'),
(19,	'BB',	'Barbados',	'2019-08-04 17:42:19'),
(20,	'BY',	'Belarus',	'2019-08-04 17:42:19'),
(21,	'BE',	'Belgium',	'2019-08-04 17:42:19'),
(22,	'BZ',	'Belize',	'2019-08-04 17:42:19'),
(23,	'BJ',	'Benin',	'2019-08-04 17:42:19'),
(24,	'BM',	'Bermuda',	'2019-08-04 17:42:19'),
(25,	'BT',	'Bhutan',	'2019-08-04 17:42:19'),
(26,	'BO',	'Bolivia',	'2019-08-04 17:42:19'),
(27,	'BA',	'Bosnia and Herzegovina',	'2019-08-04 17:42:19'),
(28,	'BW',	'Botswana',	'2019-08-04 17:42:19'),
(29,	'BV',	'Bouvet Island',	'2019-08-04 17:42:19'),
(30,	'BR',	'Brazil',	'2019-08-04 17:42:19'),
(31,	'IO',	'British Indian Ocean Territory',	'2019-08-04 17:42:19'),
(32,	'BN',	'Brunei Darussalam',	'2019-08-04 17:42:19'),
(33,	'BG',	'Bulgaria',	'2019-08-04 17:42:19'),
(34,	'BF',	'Burkina Faso',	'2019-08-04 17:42:19'),
(35,	'BI',	'Burundi',	'2019-08-04 17:42:19'),
(36,	'KH',	'Cambodia',	'2019-08-04 17:42:19'),
(37,	'CM',	'Cameroon',	'2019-08-04 17:42:19'),
(38,	'CA',	'Canada',	'2019-08-04 17:42:19'),
(39,	'CV',	'Cape Verde',	'2019-08-04 17:42:19'),
(40,	'KY',	'Cayman Islands',	'2019-08-04 17:42:19'),
(41,	'CF',	'Central African Republic',	'2019-08-04 17:42:19'),
(42,	'TD',	'Chad',	'2019-08-04 17:42:19'),
(43,	'CL',	'Chile',	'2019-08-04 17:42:19'),
(44,	'CN',	'China',	'2019-08-04 17:42:19'),
(45,	'CX',	'Christmas Island',	'2019-08-04 17:42:19'),
(46,	'CC',	'Cocos (Keeling) Islands',	'2019-08-04 17:42:19'),
(47,	'CO',	'Colombia',	'2019-08-04 17:42:19'),
(48,	'KM',	'Comoros',	'2019-08-04 17:42:19'),
(49,	'CD',	'Democratic Republic of the Congo',	'2019-08-04 17:42:19'),
(50,	'CG',	'Republic of Congo',	'2019-08-04 17:42:19'),
(51,	'CK',	'Cook Islands',	'2019-08-04 17:42:19'),
(52,	'CR',	'Costa Rica',	'2019-08-04 17:42:19'),
(53,	'HR',	'Croatia (Hrvatska)',	'2019-08-04 17:42:19'),
(54,	'CU',	'Cuba',	'2019-08-04 17:42:19'),
(55,	'CY',	'Cyprus',	'2019-08-04 17:42:19'),
(56,	'CZ',	'Czech Republic',	'2019-08-04 17:42:19'),
(57,	'DK',	'Denmark',	'2019-08-04 17:42:19'),
(58,	'DJ',	'Djibouti',	'2019-08-04 17:42:19'),
(59,	'DM',	'Dominica',	'2019-08-04 17:42:19'),
(60,	'DO',	'Dominican Republic',	'2019-08-04 17:42:19'),
(61,	'TP',	'East Timor',	'2019-08-04 17:42:19'),
(62,	'EC',	'Ecuador',	'2019-08-04 17:42:19'),
(63,	'EG',	'Egypt',	'2019-08-04 17:42:19'),
(64,	'SV',	'El Salvador',	'2019-08-04 17:42:19'),
(65,	'GQ',	'Equatorial Guinea',	'2019-08-04 17:42:19'),
(66,	'ER',	'Eritrea',	'2019-08-04 17:42:19'),
(67,	'EE',	'Estonia',	'2019-08-04 17:42:19'),
(68,	'ET',	'Ethiopia',	'2019-08-04 17:42:19'),
(69,	'FK',	'Falkland Islands (Malvinas)',	'2019-08-04 17:42:19'),
(70,	'FO',	'Faroe Islands',	'2019-08-04 17:42:19'),
(71,	'FJ',	'Fiji',	'2019-08-04 17:42:19'),
(72,	'FI',	'Finland',	'2019-08-04 17:42:19'),
(73,	'FR',	'France',	'2019-08-04 17:42:19'),
(74,	'FX',	'France, Metropolitan',	'2019-08-04 17:42:19'),
(75,	'GF',	'French Guiana',	'2019-08-04 17:42:19'),
(76,	'PF',	'French Polynesia',	'2019-08-04 17:42:19'),
(77,	'TF',	'French Southern Territories',	'2019-08-04 17:42:19'),
(78,	'GA',	'Gabon',	'2019-08-04 17:42:19'),
(79,	'GM',	'Gambia',	'2019-08-04 17:42:19'),
(80,	'GE',	'Georgia',	'2019-08-04 17:42:19'),
(81,	'DE',	'Germany',	'2019-08-04 17:42:19'),
(82,	'GH',	'Ghana',	'2019-08-04 17:42:19'),
(83,	'GI',	'Gibraltar',	'2019-08-04 17:42:19'),
(84,	'GK',	'Guernsey',	'2019-08-04 17:42:19'),
(85,	'GR',	'Greece',	'2019-08-04 17:42:19'),
(86,	'GL',	'Greenland',	'2019-08-04 17:42:19'),
(87,	'GD',	'Grenada',	'2019-08-04 17:42:19'),
(88,	'GP',	'Guadeloupe',	'2019-08-04 17:42:19'),
(89,	'GU',	'Guam',	'2019-08-04 17:42:19'),
(90,	'GT',	'Guatemala',	'2019-08-04 17:42:19'),
(91,	'GN',	'Guinea',	'2019-08-04 17:42:19'),
(92,	'GW',	'Guinea-Bissau',	'2019-08-04 17:42:19'),
(93,	'GY',	'Guyana',	'2019-08-04 17:42:19'),
(94,	'HT',	'Haiti',	'2019-08-04 17:42:19'),
(95,	'HM',	'Heard and Mc Donald Islands',	'2019-08-04 17:42:19'),
(96,	'HN',	'Honduras',	'2019-08-04 17:42:19'),
(97,	'HK',	'Hong Kong',	'2019-08-04 17:42:19'),
(98,	'HU',	'Hungary',	'2019-08-04 17:42:19'),
(99,	'IS',	'Iceland',	'2019-08-04 17:42:19'),
(100,	'IN',	'India',	'2019-08-04 17:42:19'),
(101,	'IM',	'Isle of Man',	'2019-08-04 17:42:19'),
(102,	'ID',	'Indonesia',	'2019-08-04 17:42:19'),
(103,	'IR',	'Iran (Islamic Republic of)',	'2019-08-04 17:42:19'),
(104,	'IQ',	'Iraq',	'2019-08-04 17:42:19'),
(105,	'IE',	'Ireland',	'2019-08-04 17:42:19'),
(106,	'IL',	'Israel',	'2019-08-04 17:42:19'),
(107,	'IT',	'Italy',	'2019-08-04 17:42:19'),
(108,	'CI',	'Ivory Coast',	'2019-08-04 17:42:19'),
(109,	'JE',	'Jersey',	'2019-08-04 17:42:19'),
(110,	'JM',	'Jamaica',	'2019-08-04 17:42:19'),
(111,	'JP',	'Japan',	'2019-08-04 17:42:19'),
(112,	'JO',	'Jordan',	'2019-08-04 17:42:19'),
(113,	'KZ',	'Kazakhstan',	'2019-08-04 17:42:19'),
(114,	'KE',	'Kenya',	'2019-08-04 17:42:19'),
(115,	'KI',	'Kiribati',	'2019-08-04 17:42:19'),
(116,	'KP',	'Korea, Democratic People\'s Republic of',	'2019-08-04 17:42:19'),
(117,	'KR',	'Korea, Republic of',	'2019-08-04 17:42:19'),
(118,	'XK',	'Kosovo',	'2019-08-04 17:42:19'),
(119,	'KW',	'Kuwait',	'2019-08-04 17:42:19'),
(120,	'KG',	'Kyrgyzstan',	'2019-08-04 17:42:19'),
(121,	'LA',	'Lao People\'s Democratic Republic',	'2019-08-04 17:42:19'),
(122,	'LV',	'Latvia',	'2019-08-04 17:42:19'),
(123,	'LB',	'Lebanon',	'2019-08-04 17:42:19'),
(124,	'LS',	'Lesotho',	'2019-08-04 17:42:19'),
(125,	'LR',	'Liberia',	'2019-08-04 17:42:19'),
(126,	'LY',	'Libyan Arab Jamahiriya',	'2019-08-04 17:42:19'),
(127,	'LI',	'Liechtenstein',	'2019-08-04 17:42:19'),
(128,	'LT',	'Lithuania',	'2019-08-04 17:42:19'),
(129,	'LU',	'Luxembourg',	'2019-08-04 17:42:19'),
(130,	'MO',	'Macau',	'2019-08-04 17:42:19'),
(131,	'MK',	'North Macedonia',	'2019-08-04 17:42:19'),
(132,	'MG',	'Madagascar',	'2019-08-04 17:42:19'),
(133,	'MW',	'Malawi',	'2019-08-04 17:42:19'),
(134,	'MY',	'Malaysia',	'2019-08-04 17:42:19'),
(135,	'MV',	'Maldives',	'2019-08-04 17:42:19'),
(136,	'ML',	'Mali',	'2019-08-04 17:42:19'),
(137,	'MT',	'Malta',	'2019-08-04 17:42:19'),
(138,	'MH',	'Marshall Islands',	'2019-08-04 17:42:19'),
(139,	'MQ',	'Martinique',	'2019-08-04 17:42:19'),
(140,	'MR',	'Mauritania',	'2019-08-04 17:42:19'),
(141,	'MU',	'Mauritius',	'2019-08-04 17:42:19'),
(142,	'TY',	'Mayotte',	'2019-08-04 17:42:19'),
(143,	'MX',	'Mexico',	'2019-08-04 17:42:19'),
(144,	'FM',	'Micronesia, Federated States of',	'2019-08-04 17:42:19'),
(145,	'MD',	'Moldova, Republic of',	'2019-08-04 17:42:19'),
(146,	'MC',	'Monaco',	'2019-08-04 17:42:19'),
(147,	'MN',	'Mongolia',	'2019-08-04 17:42:19'),
(148,	'ME',	'Montenegro',	'2019-08-04 17:42:19'),
(149,	'MS',	'Montserrat',	'2019-08-04 17:42:19'),
(150,	'MA',	'Morocco',	'2019-08-04 17:42:19'),
(151,	'MZ',	'Mozambique',	'2019-08-04 17:42:19'),
(152,	'MM',	'Myanmar',	'2019-08-04 17:42:19'),
(153,	'NA',	'Namibia',	'2019-08-04 17:42:19'),
(154,	'NR',	'Nauru',	'2019-08-04 17:42:19'),
(155,	'NP',	'Nepal',	'2019-08-04 17:42:19'),
(156,	'NL',	'Netherlands',	'2019-08-04 17:42:19'),
(157,	'AN',	'Netherlands Antilles',	'2019-08-04 17:42:19'),
(158,	'NC',	'New Caledonia',	'2019-08-04 17:42:19'),
(159,	'NZ',	'New Zealand',	'2019-08-04 17:42:19'),
(160,	'NI',	'Nicaragua',	'2019-08-04 17:42:19'),
(161,	'NE',	'Niger',	'2019-08-04 17:42:19'),
(162,	'NG',	'Nigeria',	'2019-08-04 17:42:19'),
(163,	'NU',	'Niue',	'2019-08-04 17:42:19'),
(164,	'NF',	'Norfolk Island',	'2019-08-04 17:42:19'),
(165,	'MP',	'Northern Mariana Islands',	'2019-08-04 17:42:19'),
(166,	'NO',	'Norway',	'2019-08-04 17:42:19'),
(167,	'OM',	'Oman',	'2019-08-04 17:42:19'),
(168,	'PK',	'Pakistan',	'2019-08-04 17:42:19'),
(169,	'PW',	'Palau',	'2019-08-04 17:42:19'),
(170,	'PS',	'Palestine',	'2019-08-04 17:42:19'),
(171,	'PA',	'Panama',	'2019-08-04 17:42:19'),
(172,	'PG',	'Papua New Guinea',	'2019-08-04 17:42:19'),
(173,	'PY',	'Paraguay',	'2019-08-04 17:42:19'),
(174,	'PE',	'Peru',	'2019-08-04 17:42:19'),
(175,	'PH',	'Philippines',	'2019-08-04 17:42:19'),
(176,	'PN',	'Pitcairn',	'2019-08-04 17:42:19'),
(177,	'PL',	'Poland',	'2019-08-04 17:42:19'),
(178,	'PT',	'Portugal',	'2019-08-04 17:42:19'),
(179,	'PR',	'Puerto Rico',	'2019-08-04 17:42:19'),
(180,	'QA',	'Qatar',	'2019-08-04 17:42:19'),
(181,	'RE',	'Reunion',	'2019-08-04 17:42:19'),
(182,	'RO',	'Romania',	'2019-08-04 17:42:19'),
(183,	'RU',	'Russian Federation',	'2019-08-04 17:42:19'),
(184,	'RW',	'Rwanda',	'2019-08-04 17:42:19'),
(185,	'KN',	'Saint Kitts and Nevis',	'2019-08-04 17:42:19'),
(186,	'LC',	'Saint Lucia',	'2019-08-04 17:42:19'),
(187,	'VC',	'Saint Vincent and the Grenadines',	'2019-08-04 17:42:19'),
(188,	'WS',	'Samoa',	'2019-08-04 17:42:19'),
(189,	'SM',	'San Marino',	'2019-08-04 17:42:19'),
(190,	'ST',	'Sao Tome and Principe',	'2019-08-04 17:42:19'),
(191,	'SA',	'Saudi Arabia',	'2019-08-04 17:42:19'),
(192,	'SN',	'Senegal',	'2019-08-04 17:42:19'),
(193,	'RS',	'Serbia',	'2019-08-04 17:42:19'),
(194,	'SC',	'Seychelles',	'2019-08-04 17:42:19'),
(195,	'SL',	'Sierra Leone',	'2019-08-04 17:42:19'),
(196,	'SG',	'Singapore',	'2019-08-04 17:42:19'),
(197,	'SK',	'Slovakia',	'2019-08-04 17:42:19'),
(198,	'SI',	'Slovenia',	'2019-08-04 17:42:19'),
(199,	'SB',	'Solomon Islands',	'2019-08-04 17:42:19'),
(200,	'SO',	'Somalia',	'2019-08-04 17:42:19'),
(201,	'ZA',	'South Africa',	'2019-08-04 17:42:19'),
(202,	'GS',	'South Georgia South Sandwich Islands',	'2019-08-04 17:42:19'),
(203,	'SS',	'South Sudan',	'2019-08-04 17:42:19'),
(204,	'ES',	'Spain',	'2019-08-04 17:42:19'),
(205,	'LK',	'Sri Lanka',	'2019-08-04 17:42:19'),
(206,	'SH',	'St. Helena',	'2019-08-04 17:42:19'),
(207,	'PM',	'St. Pierre and Miquelon',	'2019-08-04 17:42:19'),
(208,	'SD',	'Sudan',	'2019-08-04 17:42:19'),
(209,	'SR',	'Suriname',	'2019-08-04 17:42:19'),
(210,	'SJ',	'Svalbard and Jan Mayen Islands',	'2019-08-04 17:42:19'),
(211,	'SZ',	'Swaziland',	'2019-08-04 17:42:19'),
(212,	'SE',	'Sweden',	'2019-08-04 17:42:19'),
(213,	'CH',	'Switzerland',	'2019-08-04 17:42:19'),
(214,	'SY',	'Syrian Arab Republic',	'2019-08-04 17:42:19'),
(215,	'TW',	'Taiwan',	'2019-08-04 17:42:19'),
(216,	'TJ',	'Tajikistan',	'2019-08-04 17:42:19'),
(217,	'TZ',	'Tanzania, United Republic of',	'2019-08-04 17:42:19'),
(218,	'TH',	'Thailand',	'2019-08-04 17:42:19'),
(219,	'TG',	'Togo',	'2019-08-04 17:42:19'),
(220,	'TK',	'Tokelau',	'2019-08-04 17:42:19'),
(221,	'TO',	'Tonga',	'2019-08-04 17:42:19'),
(222,	'TT',	'Trinidad and Tobago',	'2019-08-04 17:42:19'),
(223,	'TN',	'Tunisia',	'2019-08-04 17:42:19'),
(224,	'TR',	'Turkey',	'2019-08-04 17:42:19'),
(225,	'TM',	'Turkmenistan',	'2019-08-04 17:42:19'),
(226,	'TC',	'Turks and Caicos Islands',	'2019-08-04 17:42:19'),
(227,	'TV',	'Tuvalu',	'2019-08-04 17:42:19'),
(228,	'UG',	'Uganda',	'2019-08-04 17:42:19'),
(229,	'UA',	'Ukraine',	'2019-08-04 17:42:19'),
(230,	'AE',	'United Arab Emirates',	'2019-08-04 17:42:19'),
(231,	'GB',	'United Kingdom',	'2019-08-04 17:42:19'),
(232,	'US',	'United States',	'2019-08-04 17:42:19'),
(233,	'UM',	'United States minor outlying islands',	'2019-08-04 17:42:19'),
(234,	'UY',	'Uruguay',	'2019-08-04 17:42:19'),
(235,	'UZ',	'Uzbekistan',	'2019-08-04 17:42:19'),
(236,	'VU',	'Vanuatu',	'2019-08-04 17:42:19'),
(237,	'VA',	'Vatican City State',	'2019-08-04 17:42:19'),
(238,	'VE',	'Venezuela',	'2019-08-04 17:42:19'),
(239,	'VN',	'Vietnam',	'2019-08-04 17:42:19'),
(240,	'VG',	'Virgin Islands (British)',	'2019-08-04 17:42:19'),
(241,	'VI',	'Virgin Islands (U.S.)',	'2019-08-04 17:42:19'),
(242,	'WF',	'Wallis and Futuna Islands',	'2019-08-04 17:42:19'),
(243,	'EH',	'Western Sahara',	'2019-08-04 17:42:19'),
(244,	'YE',	'Yemen',	'2019-08-04 17:42:19'),
(245,	'ZM',	'Zambia',	'2019-08-04 17:42:19'),
(246,	'ZW',	'Zimbabwe',	'2019-08-04 17:42:19');

DROP TABLE IF EXISTS `numbers`;
CREATE TABLE `numbers` (
  `num_id` int(11) unsigned NOT NULL AUTO_INCREMENT,
  `cnt_id` int(11) unsigned NOT NULL,
  `num_number` varchar(255) NOT NULL,
  `num_created` timestamp NOT NULL DEFAULT CURRENT_TIMESTAMP ON UPDATE CURRENT_TIMESTAMP,
  PRIMARY KEY (`num_id`),
  KEY `cnt_id` (`cnt_id`),
  CONSTRAINT `numbers_ibfk_1` FOREIGN KEY (`cnt_id`) REFERENCES `countries` (`cnt_id`) ON DELETE NO ACTION
) ENGINE=InnoDB DEFAULT CHARSET=utf8mb4;

INSERT INTO `numbers` (`num_id`, `cnt_id`, `num_number`, `num_created`) VALUES
(1,	1,	'+9913642118205',	'2019-08-06 12:12:46'),
(2,	5,	'+4666539130463',	'2019-08-06 12:13:02'),
(3,	6,	'+5814706385034',	'2019-08-06 12:13:21'),
(4,	7,	'+1700043102844',	'2019-08-06 12:13:35'),
(5,	5,	'+8551852263138',	'2019-08-06 12:13:49'),
(6,	76,	'+6571076152154',	'2014-06-09 08:54:43'),
(7,	169,	'+8479866277061',	'1974-09-09 17:58:53'),
(8,	47,	'+6817173746714',	'2012-12-06 05:48:32'),
(9,	61,	'+2581614883724',	'2008-08-07 18:07:30'),
(10,	158,	'+8621473969952',	'2009-09-05 23:42:26'),
(11,	86,	'+6186567399420',	'2002-01-19 05:19:34'),
(12,	131,	'+9220347293229',	'1993-05-14 15:10:05'),
(13,	140,	'+1197445045336',	'2002-03-08 13:17:56'),
(14,	91,	'+7656698757682',	'2011-06-11 09:13:45'),
(15,	171,	'+1381078662180',	'2010-11-17 20:35:03'),
(16,	89,	'+2605335754500',	'2016-08-03 08:47:52'),
(17,	135,	'+9328387142063',	'2013-08-11 18:09:35'),
(18,	140,	'+7762520556893',	'1971-05-28 21:50:38'),
(19,	240,	'+8098017940280',	'2010-04-06 09:16:40'),
(20,	107,	'+3615416740068',	'1999-01-23 09:08:35'),
(21,	172,	'+4275902165210',	'1992-01-09 22:31:30'),
(22,	51,	'+3266090031283',	'2000-05-01 01:29:17'),
(23,	118,	'+5971544846470',	'1978-02-26 19:07:42'),
(24,	59,	'+4320704124733',	'1979-01-19 05:09:33'),
(25,	192,	'+4123517570250',	'1988-12-20 22:30:59'),
(26,	127,	'+4818675038844',	'1978-04-21 15:15:11'),
(27,	23,	'+5617545054836',	'1985-09-19 09:55:10'),
(28,	95,	'+5274796758820',	'2007-04-29 09:47:38'),
(29,	57,	'+6661888790097',	'2000-08-24 08:36:52'),
(30,	176,	'+1077733301296',	'2015-09-16 12:10:43'),
(31,	34,	'+8982832148384',	'1985-02-27 12:40:16'),
(32,	196,	'+5513666176458',	'1973-11-15 01:46:17'),
(33,	25,	'+1773127249898',	'2000-12-22 12:49:47'),
(34,	127,	'+9542774493678',	'2005-02-08 00:00:43'),
(35,	161,	'+6691409732768',	'1997-02-19 05:44:19'),
(36,	42,	'+4125568767557',	'2014-12-13 13:33:00'),
(37,	227,	'+1792187169338',	'1995-02-05 06:00:56'),
(38,	154,	'+3988223776804',	'1991-03-01 12:58:31'),
(39,	74,	'+5941585601902',	'1990-04-23 01:47:26'),
(40,	243,	'+3254035087107',	'1978-02-17 14:36:51'),
(41,	233,	'+5047702422752',	'2008-02-25 03:35:34'),
(42,	61,	'+5685498945408',	'2005-12-29 10:24:40'),
(43,	66,	'+9634940977557',	'1974-01-15 17:02:25'),
(44,	240,	'+6475780944411',	'1991-12-02 04:32:14'),
(45,	241,	'+9681340257225',	'2003-09-22 04:28:29'),
(46,	168,	'+4339441736117',	'2014-07-08 22:34:18'),
(47,	45,	'+1663320017487',	'1979-10-31 01:18:31'),
(48,	213,	'+2191380269953',	'1993-11-13 14:03:22'),
(49,	24,	'+9073381592633',	'1999-01-16 21:49:58'),
(50,	180,	'+1875059756336',	'1985-01-07 20:45:12');

DROP TABLE IF EXISTS `send_log`;
CREATE TABLE `send_log` (
  `log_id` int(11) unsigned NOT NULL AUTO_INCREMENT,
  `usr_id` int(11) unsigned NOT NULL,
  `num_id` int(11) unsigned NOT NULL,
  `log_message` varchar(255) NOT NULL,
  `log_success` enum('1','0') DEFAULT '1',
  `log_created` timestamp NOT NULL DEFAULT CURRENT_TIMESTAMP,
  PRIMARY KEY (`log_id`),
  KEY `usr_id` (`usr_id`),
  KEY `num_id` (`num_id`),
  CONSTRAINT `send_log_ibfk_1` FOREIGN KEY (`usr_id`) REFERENCES `users` (`usr_id`) ON DELETE NO ACTION,
  CONSTRAINT `send_log_ibfk_2` FOREIGN KEY (`num_id`) REFERENCES `numbers` (`num_id`) ON DELETE NO ACTION
) ENGINE=InnoDB DEFAULT CHARSET=utf8mb4;


DROP TABLE IF EXISTS `send_log_aggregated`;
CREATE TABLE `send_log_aggregated` (
  `agg_id` int(10) unsigned NOT NULL AUTO_INCREMENT,
  `usr_id` int(11) unsigned NOT NULL,
  `cnt_id` int(11) unsigned NOT NULL,
  `agg_success` enum('1','0') DEFAULT '1',
  `agg_date` timestamp NOT NULL DEFAULT CURRENT_TIMESTAMP,
  PRIMARY KEY (`agg_id`),
  KEY `usr_id` (`usr_id`),
  KEY `cnt_id` (`cnt_id`),
  CONSTRAINT `send_log_aggregated_ibfk_1` FOREIGN KEY (`usr_id`) REFERENCES `users` (`usr_id`) ON DELETE NO ACTION,
  CONSTRAINT `send_log_aggregated_ibfk_2` FOREIGN KEY (`cnt_id`) REFERENCES `countries` (`cnt_id`) ON DELETE NO ACTION
) ENGINE=InnoDB DEFAULT CHARSET=utf8mb4;


DROP TABLE IF EXISTS `users`;
CREATE TABLE `users` (
  `usr_id` int(11) unsigned NOT NULL AUTO_INCREMENT,
  `usr_name` varchar(255) NOT NULL,
  `usr_active` tinyint(4) NOT NULL,
  `usr_created` timestamp NOT NULL DEFAULT CURRENT_TIMESTAMP ON UPDATE CURRENT_TIMESTAMP,
  PRIMARY KEY (`usr_id`)
) ENGINE=InnoDB DEFAULT CHARSET=utf8mb4;

INSERT INTO `users` (`usr_id`, `usr_name`, `usr_active`, `usr_created`) VALUES
(1,	'Mr. Dave Sawayn Jr.',	1,	'2019-08-06 11:50:48'),
(2,	'Berry Murray I',	1,	'2019-08-06 11:53:03'),
(3,	'Eriberto Buckridge',	1,	'2019-08-06 11:53:24'),
(4,	'Hershel Parisian',	1,	'2019-08-06 11:53:43'),
(5,	'Adelbert Macejkovic',	1,	'2019-08-06 11:53:58'),
(6,	'Ms. Freida Hermann',	1,	'2016-02-15 11:16:11'),
(7,	'Herminio Okuneva Sr.',	1,	'2011-03-30 00:30:53'),
(8,	'Lucy Gerlach',	1,	'2003-08-06 04:17:59'),
(9,	'Cleta Mayer',	1,	'2009-04-26 15:27:14'),
(10,	'Miss Edna Sauer',	1,	'1986-11-04 01:22:11'),
(11,	'Prof. Manuela Olson',	1,	'1978-11-30 06:06:56'),
(12,	'Pascale D\'Amore DVM',	1,	'1977-06-05 18:08:04'),
(13,	'Paolo Reynolds',	1,	'2015-08-15 14:07:23'),
(14,	'Natalia Kshlerin',	1,	'1981-06-13 20:13:09'),
(15,	'Kaden Grant Jr.',	1,	'1974-08-22 06:35:21'),
(16,	'Rae Sanford',	1,	'2000-06-11 13:21:01'),
(17,	'Ashlee Ankunding',	1,	'1984-02-22 17:29:27'),
(18,	'Joel Gerlach',	1,	'1973-02-16 01:03:13'),
(19,	'Kristian Von',	1,	'2010-09-12 11:20:20'),
(20,	'Mr. Talon Dicki II',	1,	'1998-07-12 23:56:28'),
(21,	'Kim Kreiger',	1,	'1994-01-31 00:38:50'),
(22,	'Abigayle Skiles',	1,	'1992-02-27 10:33:27'),
(23,	'Norene Runte V',	1,	'1987-10-11 20:21:38'),
(24,	'Lillie Hodkiewicz',	1,	'1970-03-21 13:38:58'),
(25,	'Amy Halvorson',	1,	'2007-09-19 13:36:32'),
(26,	'Miss Bettie Yundt',	1,	'2017-06-17 01:45:14'),
(27,	'Teresa Grimes',	1,	'2000-01-09 20:32:23'),
(28,	'Narciso Kling',	1,	'2012-06-13 21:28:39'),
(29,	'Amiya Bergnaum MD',	1,	'2007-12-15 10:30:19'),
(30,	'Tanya Sanford',	1,	'1988-11-08 09:24:45'),
(31,	'Mariano Robel',	1,	'2007-11-02 11:08:33'),
(32,	'Jack Denesik',	1,	'2017-07-12 03:49:47'),
(33,	'Marilou Schroeder DVM',	1,	'1999-04-19 04:59:04'),
(34,	'Dr. Freida VonRueden',	1,	'2012-07-03 17:22:04'),
(35,	'Dexter Runolfsdottir',	1,	'1978-05-17 08:34:15'),
(36,	'Annamae Crona',	1,	'2005-02-26 15:59:49'),
(37,	'Ms. Electa Huels',	1,	'2006-04-24 10:06:13'),
(38,	'Clara Ledner',	1,	'1976-11-21 03:35:23'),
(39,	'Prof. Amara King Jr.',	1,	'1995-12-18 00:08:12'),
(40,	'Delta Schimmel',	1,	'2007-02-27 02:01:14'),
(41,	'Miss Elenora Murazik Sr.',	1,	'2010-12-17 15:35:19'),
(42,	'Jena Willms DDS',	1,	'1986-10-27 04:56:15'),
(43,	'Ms. Laurence Altenwerth',	1,	'1979-12-12 20:45:06'),
(44,	'Zachary Crona',	1,	'1973-09-16 04:40:57'),
(45,	'Jazlyn Daugherty',	1,	'1988-11-07 11:54:28'),
(46,	'Dr. Braxton McKenzie',	1,	'2011-11-27 05:47:15'),
(47,	'Perry Hyatt',	1,	'1976-05-23 09:21:55'),
(48,	'Dr. Clair Lind',	1,	'2004-03-21 00:57:26'),
(49,	'Araceli Botsford',	1,	'1972-12-12 23:10:06'),
(50,	'Guillermo Becker',	1,	'2005-12-18 02:15:06');

-- 2019-08-06 17:49:18
